{"cat1": {"A": 0, "B": 1}, "cat2": {"A": 0, "B": 1}, "cat3": {"A": 0, "B": 1}, "cat4": {"A": 0, "B": 1}, "cat5": {"A": 0, "B": 1}, "cat6": {"A": 0, "B": 1}, "cat7": {"A": 0, "B": 1}, "cat8": {"A": 0, "B": 1}, "cat9": {"A": 0, "B": 1}, "cat10": {"A": 0, "B": 1}, "cat11": {"A": 0, "B": 1}, "cat12": {"A": 0, "B": 1}, "cat13": {"A": 0, "B": 1}, "cat14": {"A": 0, "B": 1}, "cat15": {"A": 0, "B": 1}, "cat16": {"A": 0, "B": 1}, "cat17": {"A": 0, "B": 1}, "cat18": {"A": 0, "B": 1}, "cat19": {"A": 0, "B": 1}, "cat20": {"A": 0, "B": 1}, "cat21": {"A": 0, "B": 1}, "cat22": {"A": 0, "B": 1}, "cat23": {"A": 0, "B": 1}, "cat24": {"A": 0, "B": 1}, "cat25": {"A": 0, "B": 1}, "cat26": {"A": 0, "B": 1}, "cat27": {"A": 0, "B": 1}, "cat28": {"A": 0, "B": 1}, "cat29": {"A": 0, "B": 1}, "cat30": {"A": 0, "B": 1}, "cat31": {"A": 0, "B": 1}, "cat32": {"A": 0, "B": 1}, "cat33": {"A": 0, "B": 1}, "cat34": {"A": 0, "B": 1}, "cat35": {"A": 0, "B": 1}, "cat36": {"A": 0, "B": 1}, "cat37": {"A": 0, "B": 1}, "cat38": {"A": 0, "B": 1}, "cat39": {"A": 0, "B": 1}, "cat40": {"A": 0, "B": 1}, "cat41": {"A": 0, "B": 1}, "cat42": {"A": 0, "B": 1}, "cat43": {"A": 0, "B": 1}, "cat44": {"A": 0, "B": 1}, "cat45": {"A": 0, "B": 1}, "cat46": {"A": 0, "B": 1}, "cat47": {"A": 0, "B": 1}, "cat48": {"A": 0, "B": 1}, "cat49": {"A": 0, "B": 1}, "cat50": {"A": 0, "B": 1}, "cat51": {"A": 0, "B": 1}, "cat52": {"A": 0, "B": 1}, "cat53": {"A": 0, "B": 1}, "cat54": {"A": 0, "B": 1}, "cat55": {"A": 0, "B": 1}, "cat56": {"A": 0, "B": 1}, "cat57": {"A": 0, "B": 1}, "cat58": {"A": 0, "B": 1}, "cat59": {"A": 0, "B": 1}, "cat60": {"A": 0, "B": 1}, "cat61": {"A": 0, "B": 1}, "cat62": {"A": 0, "B": 1}, "cat63": {"A": 0, "B": 1}, "cat64": {"A": 0, "B": 1}, "cat65": {"A": 0, "B": 1}, "cat66": {"A": 0, "B": 1}, "cat67": {"A": 0, "B": 1}, "cat68": {"A": 0, "B": 1}, "cat69": {"A": 0, "B": 1}, "cat70": {"A": 0, "B": 1}, "cat71": {"A": 0, "B": 1}, "cat72": {"A": 0, "B": 1}, "cat73": {"A": 0, "B": 1, "C": 2}, "cat74": {"A": 0, "B": 1, "C": 2}, "cat75": {"A": 0, "B": 1, "C": 2}, "cat76": {"A": 0, "B": 1, "C": 2}, "cat77": {"A": 0, "B": 1, "C": 2, "D": 3}, "cat78": {"A": 0, "B": 1, "C": 2, "D": 3}, "cat79": {"A": 0, "B": 1, "C": 2, "D": 3}, "cat80": {"A": 0, "B": 1, "C": 2, "D": 3}, "cat81": {"A": 0, "B": 1, "C": 2, "D": 3}, "cat82": {"A": 0, "B": 1, "C": 2, "D": 3}, "cat83": {"A": 0, "B": 1, "C": 2, "D": 3}, "cat84": {"A": 0, "B": 1, "C": 2, "D": 3}, "cat85": {"A": 0, "B": 1, "C": 2, "D": 3}, "cat86": {"A": 0, "B": 1, "C": 2, "D": 3}, "cat87": {"A": 0, "B": 1, "C": 2, "D": 3}, "cat88": {"A": 0, "B": 1, "D": 2, "E": 3}, "cat89": {"A": 0, "B": 1, "C": 2, "D": 3, "E": 4, "G": 5, "H": 6, "I": 7}, "cat90": {"A": 0, "B": 1, "C": 2, "D": 3, "E": 4, "F": 5, "G": 6}, "cat91": {"A": 0, "B": 1, "C": 2, "D": 3, "E": 4, "F": 5, "G": 6, "H": 7}, "cat92": {"A": 0, "B": 1, "C": 2, "D": 3, "F": 4, "H": 5, "I": 6}, "cat93": {"A": 0, "B": 1, "C": 2, "D": 3, "E": 4}, "cat94": {"A": 0, "B": 1, "C": 2, "D": 3, "E": 4, "F": 5, "G": 6}, "cat95": {"A": 0, "B": 1, "C": 2, "D": 3, "E": 4}, "cat96": {"A": 0, "B": 1, "C": 2, "D": 3, "E": 4, "F": 5, "G": 6, "I": 7}, "cat97": {"A": 0, "B": 1, "C": 2, "D": 3, "E": 4, "F": 5, "G": 6}, "cat98": {"A": 0, "B": 1, "C": 2, "D": 3, "E": 4}, "cat99": {"C": 0, "D": 1, "E": 2, "F": 3, "G": 4, "H": 5, "I": 6, "J": 7, "K": 8, "M": 9, "N": 10, "O": 11, "P": 12, "R": 13, "S": 14, "T": 15}, "cat100": {"A": 0, "B": 1, "C": 2, "D": 3, "E": 4, "F": 5, "G": 6, "H": 7, "I": 8, "J": 9, "K": 10, "L": 11, "M": 12, "N": 13, "O": 14}, "cat101": {"A": 0, "B": 1, "C": 2, "D": 3, "E": 4, "F": 5, "G": 6, "H": 7, "I": 8, "J": 9, "K": 10, "L": 11, "M": 12, "N": 13, "O": 14, "Q": 15, "R": 16, "S": 17, "U": 18}, "cat102": {"A": 0, "B": 1, "C": 2, "D": 3, "E": 4, "F": 5, "G": 6, "H": 7, "J": 8}, "cat103": {"A": 0, "B": 1, "C": 2, "D": 3, "E": 4, "F": 5, "G": 6, "H": 7, "I": 8, "J": 9, "K": 10, "L": 11, "N": 12}, "cat104": {"A": 0, "B": 1, "C": 2, "D": 3, "E": 4, "F": 5, "G": 6, "H": 7, "I": 8, "J": 9, "K": 10, "L": 11, "M": 12, "N": 13, "O": 14, "P": 15, "Q": 16}, "cat105": {"A": 0, "B": 1, "C": 2, "D": 3, "E": 4, "F": 5, "G": 6, "H": 7, "I": 8, "J": 9, "K": 10, "L": 11, "M": 12, "N": 13, "O": 14, "P": 15, "Q": 16, "R": 17, "S": 18, "T": 19}, "cat106": {"A": 0, "B": 1, "C": 2, "D": 3, "E": 4, "F": 5, "G": 6, "H": 7, "I": 8, "J": 9, "K": 10, "L": 11, "M": 12, "N": 13, "O": 14, "P": 15, "R": 16}, "cat107": {"A": 0, "B": 1, "C": 2, "D": 3, "E": 4, "F": 5, "G": 6, "H": 7, "I": 8, "J": 9, "K": 10, "L": 11, "M": 12, "N": 13, "O": 14, "P": 15, "Q": 16, "R": 17, "S": 18, "U": 19}, "cat108": {"A": 0, "B": 1, "C": 2, "D": 3, "E": 4, "F": 5, "G": 6, "H": 7, "I": 8, "J": 9, "K": 10}, "cat109": {"A": 0, "AA": 1, "AB": 2, "AE": 3, "AF": 4, "AG": 5, "AH": 6, "AI": 7, "AJ": 8, "AK": 9, "AL": 10, "AM": 11, "AN": 12, "AO": 13, "AP": 14, "AQ": 15, "AR": 16, "AS": 17, "AT": 18, "AU": 19, "AV": 20, "AW": 21, "AX": 22, "AY": 23, "B": 24, "BA": 25, "BB": 26, "BC": 27, "BD": 28, "BE": 29, "BF": 30, "BG": 31, "BH": 32, "BI": 33, "BJ": 34, "BK": 35, "BL": 36, "BM": 37, "BN": 38, "BO": 39, "BP": 40, "BQ": 41, "BR": 42, "BS": 43, "BT": 44, "BU": 45, "BV": 46, "BX": 47, "BY": 48, "C": 49, "CA": 50, "CB": 51, "CC": 52, "CD": 53, "CE": 54, "CF": 55, "CG": 56, "CH": 57, "CI": 58, "CJ": 59, "CK": 60, "CL": 61, "D": 62, "E": 63, "F": 64, "G": 65, "H": 66, "I": 67, "J": 68, "K": 69, "L": 70, "M": 71, "N": 72, "O": 73, "P": 74, "Q": 75, "R": 76, "S": 77, "T": 78, "U": 79, "V": 80, "X": 81, "Y": 82, "ZZ": 83}, "cat110": {"A": 0, "AA": 1, "AB": 2, "AC": 3, "AD": 4, "AE": 5, "AF": 6, "AG": 7, "AH": 8, "AI": 9, "AJ": 10, "AK": 11, "AL": 12, "AM": 13, "AN": 14, "AO": 15, "AP": 16, "AR": 17, "AS": 18, "AT": 19, "AU": 20, "AV": 21, "AW": 22, "AX": 23, "AY": 24, "B": 25, "BA": 26, "BB": 27, "BC": 28, "BD": 29, "BE": 30, "BF": 31, "BG": 32, "BI": 33, "BJ": 34, "BK": 35, "BL": 36, "BM": 37, "BN": 38, "BO": 39, "BP": 40, "BQ": 41, "BR": 42, "BS": 43, "BT": 44, "BU": 45, "BV": 46, "BW": 47, "BX": 48, "BY": 49, "C": 50, "CB": 51, "CC": 52, "CD": 53, "CF": 54, "CG": 55, "CH": 56, "CI": 57, "CJ": 58, "CK": 59, "CL": 60, "CM": 61, "CN": 62, "CO": 63, "CP": 64, "CQ": 65, "CR": 66, "CS": 67, "CT": 68, "CU": 69, "CV": 70, "CW": 71, "CX": 72, "CY": 73, "D": 74, "DA": 75, "DB": 76, "DC": 77, "DD": 78, "DE": 79, "DF": 80, "DG": 81, "DH": 82, "DI": 83, "DJ": 84, "DK": 85, "DL": 86, "DM": 87, "DN": 88, "DO": 89, "DP": 90, "DQ": 91, "DR": 92, "DS": 93, "DT": 94, "DU": 95, "DV": 96, "DW": 97, "DX": 98, "DY": 99, "E": 100, "EA": 101, "EB": 102, "ED": 103, "EE": 104, "EF": 105, "EG": 106, "EH": 107, "EI": 108, "EJ": 109, "EK": 110, "EL": 111, "EM": 112, "G": 113, "H": 114, "I": 115, "J": 116, "K": 117, "L": 118, "N": 119, "O": 120, "P": 121, "Q": 122, "R": 123, "S": 124, "T": 125, "U": 126, "V": 127, "W": 128, "X": 129, "Y": 130}, "cat111": {"A": 0, "B": 1, "C": 2, "D": 3, "E": 4, "F": 5, "G": 6, "I": 7, "K": 8, "M": 9, "O": 10, "Q": 11, "S": 12, "U": 13, "W": 14, "Y": 15}, "cat112": {"A": 0, "AA": 1, "AB": 2, "AC": 3, "AD": 4, "AE": 5, "AF": 6, "AG": 7, "AH": 8, "AI": 9, "AJ": 10, "AK": 11, "AL": 12, "AM": 13, "AN": 14, "AO": 15, "AP": 16, "AQ": 17, "AR": 18, "AS": 19, "AT": 20, "AU": 21, "AV": 22, "AW": 23, "AX": 24, "AY": 25, "B": 26, "BA": 27, "C": 28, "D": 29, "E": 30, "F": 31, "G": 32, "H": 33, "I": 34, "J": 35, "K": 36, "L": 37, "M": 38, "N": 39, "O": 40, "P": 41, "Q": 42, "R": 43, "S": 44, "T": 45, "U": 46, "V": 47, "W": 48, "X": 49, "Y": 50}, "cat113": {"A": 0, "AB": 1, "AC": 2, "AD": 3, "AE": 4, "AF": 5, "AG": 6, "AH": 7, "AI": 8, "AJ": 9, "AK": 10, "AL": 11, "AM": 12, "AN": 13, "AO": 14, "AP": 15, "AQ": 16, "AR": 17, "AS": 18, "AT": 19, "AU": 20, "AV": 21, "AW": 22, "AX": 23, "AY": 24, "B": 25, "BA": 26, "BB": 27, "BC": 28, "BD": 29, "BE": 30, "BF": 31, "BG": 32, "BH": 33, "BI": 34, "BJ": 35, "BK": 36, "BL": 37, "BM": 38, "BN": 39, "BO": 40, "C": 41, "E": 42, "F": 43, "G": 44, "H": 45, "I": 46, "J": 47, "K": 48, "L": 49, "M": 50, "N": 51, "O": 52, "P": 53, "Q": 54, "S": 55, "T": 56, "U": 57, "V": 58, "X": 59, "Y": 60}, "cat114": {"A": 0, "B": 1, "C": 2, "D": 3, "E": 4, "F": 5, "G": 6, "I": 7, "J": 8, "L": 9, "N": 10, "O": 11, "Q": 12, "R": 13, "S": 14, "U": 15, "V": 16, "W": 17, "X": 18}, "cat115": {"A": 0, "B": 1, "C": 2, "D": 3, "E": 4, "F": 5, "G": 6, "H": 7, "I": 8, "J": 9, "K": 10, "L": 11, "M": 12, "N": 13, "O": 14, "P": 15, "Q": 16, "R": 17, "S": 18, "T": 19, "U": 20, "W": 21, "X": 22}, "cat116": {"AA": 0, "AB": 1, "AC": 2, "AD": 3, "AE": 4, "AF": 5, "AG": 6, "AH": 7, "AJ": 8, "AK": 9, "AL": 10, "AM": 11, "AN": 12, "AO": 13, "AP": 14, "AR": 15, "AS": 16, "AT": 17, "AU": 18, "AV": 19, "AW": 20, "AX": 21, "AY": 22, "B": 23, "BA": 24, "BB": 25, "BC": 26, "BD": 27, "BF": 28, "BG": 29, "BI": 30, "BK": 31, "BL": 32, "BM": 33, "BO": 34, "BP": 35, "BQ": 36, "BS": 37, "BT": 38, "BU": 39, "BV": 40, "BW": 41, "BX": 42, "BY": 43, "C": 44, "CA": 45, "CB": 46, "CC": 47, "CD": 48, "CE": 49, "CF": 50, "CG": 51, "CH": 52, "CI": 53, "CJ": 54, "CK": 55, "CL": 56, "CM": 57, "CN": 58, "CO": 59, "CP": 60, "CQ": 61, "CR": 62, "CS": 63, "CT": 64, "CU": 65, "CV": 66, "CW": 67, "CX": 68, "CY": 69, "D": 70, "DA": 71, "DC": 72, "DD": 73, "DE": 74, "DF": 75, "DG": 76, "DH": 77, "DI": 78, "DJ": 79, "DK": 80, "DL": 81, "DM": 82, "DN": 83, "DO": 84, "DP": 85, "DQ": 86, "DR": 87, "DS": 88, "DT": 89, "DU": 90, "DV": 91, "DW": 92, "DX": 93, "DY": 94, "E": 95, "EA": 96, "EB": 97, "EC": 98, "ED": 99, "EE": 100, "EF": 101, "EG": 102, "EH": 103, "EI": 104, "EJ": 105, "EK": 106, "EL": 107, "EN": 108, "EO": 109, "EP": 110, "EQ": 111, "ES": 112, "EU": 113, "EV": 114, "EW": 115, "EY": 116, "F": 117, "FA": 118, "FB": 119, "FC": 120, "FD": 121, "FE": 122, "FF": 123, "FG": 124, "FH": 125, "FI": 126, "FJ": 127, "FK": 128, "FL": 129, "FM": 130, "FN": 131, "FO": 132, "FP": 133, "FQ": 134, "FR": 135, "FS": 136, "FT": 137, "FU": 138, "FV": 139, "FW": 140, "FX": 141, "G": 142, "GA": 143, "GB": 144, "GC": 145, "GD": 146, "GE": 147, "GF": 148, "GG": 149, "GH": 150, "GI": 151, "GJ": 152, "GK": 153, "GL": 154, "GM": 155, "GN": 156, "GO": 157, "GP": 158, "GQ": 159, "GR": 160, "GS": 161, "GT": 162, "GU": 163, "GV": 164, "GW": 165, "GX": 166, "GY": 167, "H": 168, "HA": 169, "HB": 170, "HC": 171, "HD": 172, "HE": 173, "HF": 174, "HG": 175, "HH": 176, "HI": 177, "HJ": 178, "HK": 179, "HL": 180, "HM": 181, "HN": 182, "HO": 183, "HP": 184, "HQ": 185, "HR": 186, "HT": 187, "HU": 188, "HV": 189, "HW": 190, "HX": 191, "HY": 192, "I": 193, "IA": 194, "IB": 195, "IC": 196, "ID": 197, "IE": 198, "IF": 199, "IG": 200, "IH": 201, "II": 202, "IJ": 203, "IK": 204, "IL": 205, "IM": 206, "IN": 207, "IO": 208, "IP": 209, "IQ": 210, "IR": 211, "IT": 212, "IU": 213, "IV": 214, "IX": 215, "IY": 216, "J": 217, "JA": 218, "JB": 219, "JC": 220, "JD": 221, "JE": 222, "JF": 223, "JG": 224, "JH": 225, "JI": 226, "JJ": 227, "JK": 228, "JL": 229, "JM": 230, "JN": 231, "JO": 232, "JP": 233, "JQ": 234, "JR": 235, "JT": 236, "JU": 237, "JV": 238, "JW": 239, "JX": 240, "JY": 241, "K": 242, "KA": 243, "KB": 244, "KC": 245, "KD": 246, "KE": 247, "KF": 248, "KG": 249, "KH": 250, "KI": 251, "KJ": 252, "KK": 253, "KL": 254, "KM": 255, "KN": 256, "KP": 257, "KQ": 258, "KR": 259, "KS": 260, "KT": 261, "KU": 262, "KV": 263, "KW": 264, "KX": 265, "KY": 266, "L": 267, "LA": 268, "LB": 269, "LC": 270, "LD": 271, "LE": 272, "LF": 273, "LG": 274, "LH": 275, "LI": 276, "LJ": 277, "LK": 278, "LL": 279, "LM": 280, "LN": 281, "LO": 282, "LQ": 283, "LR": 284, "LT": 285, "LU": 286, "LV": 287, "LW": 288, "LX": 289, "LY": 290, "M": 291, "MA": 292, "MB": 293, "MC": 294, "MD": 295, "ME": 296, "MF": 297, "MG": 298, "MH": 299, "MI": 300, "MJ": 301, "MK": 302, "ML": 303, "MM": 304, "MN": 305, "MO": 306, "MP": 307, "MQ": 308, "MR": 309, "MS": 310, "MT": 311, "MU": 312, "MV": 313, "MW": 314, "O": 315, "P": 316, "Q": 317, "R": 318, "S": 319, "T": 320, "U": 321, "V": 322, "W": 323, "X": 324, "Y": 325}}